{"meta": {"format": 2, "version": "7.4.4", "timestamp": "2024-04-28T19:22:47.911847", "branch_coverage": false, "show_contexts": false}, "files": {"integration-tests/conftest.py": {"executed_lines": [1, 2, 3, 4, 5, 6, 7, 8, 9, 10, 11, 12, 14, 15, 16, 17, 19, 20, 33, 34, 35, 38, 39, 41, 64, 220, 222, 225, 226, 229, 232, 246, 247, 252, 257, 258, 262, 266, 267, 271, 272, 276, 277, 278, 279, 280, 283, 284, 285, 286, 299, 300, 302, 306, 318, 320, 322, 323, 324, 325, 326, 327, 328, 329, 330, 331, 332, 333, 334, 335, 336, 337, 338, 341, 342, 343, 345, 347, 350, 367, 368, 467, 469, 472, 473], "summary": {"covered_lines": 85, "num_statements": 235, "percent_covered": 36.170212765957444, "percent_covered_display": "36", "missing_lines": 150, "excluded_lines": 0}, "missing_lines": [48, 54, 56, 57, 59, 62, 70, 71, 72, 73, 74, 75, 76, 77, 78, 79, 81, 82, 83, 84, 89, 90, 91, 93, 94, 101, 102, 103, 114, 115, 117, 118, 133, 134, 171, 172, 174, 175, 179, 182, 184, 185, 189, 190, 192, 193, 194, 195, 197, 198, 202, 203, 207, 208, 215, 227, 230, 233, 234, 235, 236, 238, 239, 240, 241, 242, 243, 248, 249, 250, 253, 254, 259, 260, 263, 268, 273, 321, 339, 340, 348, 353, 355, 356, 358, 359, 361, 362, 364, 365, 381, 383, 385, 386, 387, 388, 389, 390, 391, 392, 393, 394, 395, 396, 397, 398, 399, 400, 401, 402, 403, 404, 405, 406, 407, 408, 410, 412, 414, 415, 416, 417, 418, 419, 421, 423, 426, 427, 429, 430, 432, 433, 434, 436, 451, 453, 454, 456, 457, 458, 459, 460, 462, 463, 465, 468, 474, 483, 495, 497], "excluded_lines": []}, "integration-tests/models/test_bloom_560m.py": {"executed_lines": [1, 4, 5, 6, 10, 11, 16, 17, 30, 31, 52, 53], "summary": {"covered_lines": 12, "num_statements": 25, "percent_covered": 48.0, "percent_covered_display": "48", "missing_lines": 13, "excluded_lines": 0}, "missing_lines": [7, 12, 13, 18, 26, 27, 32, 48, 49, 54, 61, 62, 64], "excluded_lines": []}, "integration-tests/models/test_bloom_560m_sharded.py": {"executed_lines": [1, 4, 5, 6, 10, 11, 16, 17, 30, 31], "summary": {"covered_lines": 10, "num_statements": 20, "percent_covered": 50.0, "percent_covered_display": "50", "missing_lines": 10, "excluded_lines": 0}, "missing_lines": [7, 12, 13, 18, 26, 27, 34, 41, 42, 44], "excluded_lines": []}, "integration-tests/models/test_chat_llama.py": {"executed_lines": [1, 2, 4, 7, 8, 9, 15, 16, 21, 22], "summary": {"covered_lines": 10, "num_statements": 16, "percent_covered": 62.5, "percent_covered_display": "62", "missing_lines": 6, "excluded_lines": 0}, "missing_lines": [12, 17, 18, 23, 38, 42], "excluded_lines": []}, "integration-tests/models/test_completion_prompts.py": {"executed_lines": [1, 2, 3, 4, 6, 11, 12, 13, 19, 20, 29, 49, 71], "summary": {"covered_lines": 13, "num_statements": 43, "percent_covered": 30.232558139534884, "percent_covered_display": "30", "missing_lines": 30, "excluded_lines": 0}, "missing_lines": [16, 21, 22, 32, 43, 44, 46, 50, 61, 62, 64, 65, 66, 68, 74, 87, 89, 90, 91, 93, 95, 97, 99, 101, 103, 104, 105, 106, 108, 109], "excluded_lines": []}, "integration-tests/models/test_flash_awq.py": {"executed_lines": [1, 4, 5, 6, 14, 15, 20, 21, 34, 35, 55, 56], "summary": {"covered_lines": 12, "num_statements": 26, "percent_covered": 46.15384615384615, "percent_covered_display": "46", "missing_lines": 14, "excluded_lines": 0}, "missing_lines": [11, 16, 17, 22, 26, 27, 31, 36, 51, 52, 57, 61, 62, 70], "excluded_lines": []}, "integration-tests/models/test_flash_awq_sharded.py": {"executed_lines": [1, 4, 5, 6, 14, 15, 20, 21, 34, 35], "summary": {"covered_lines": 10, "num_statements": 21, "percent_covered": 47.61904761904762, "percent_covered_display": "48", "missing_lines": 11, "excluded_lines": 0}, "missing_lines": [11, 16, 17, 22, 26, 27, 31, 38, 42, 43, 51], "excluded_lines": []}, "integration-tests/models/test_flash_falcon.py": {"executed_lines": [1, 4, 5, 6, 10, 11, 16, 17, 18, 29, 30, 31, 52, 53, 54], "summary": {"covered_lines": 15, "num_statements": 28, "percent_covered": 53.57142857142857, "percent_covered_display": "54", "missing_lines": 13, "excluded_lines": 0}, "missing_lines": [7, 12, 13, 19, 25, 26, 32, 48, 49, 55, 62, 63, 65], "excluded_lines": []}, "integration-tests/models/test_flash_gemma.py": {"executed_lines": [1, 4, 5, 10, 11, 16, 17, 18, 19, 28, 29, 30, 31, 52, 53, 54, 55], "summary": {"covered_lines": 17, "num_statements": 31, "percent_covered": 54.83870967741935, "percent_covered_display": "55", "missing_lines": 14, "excluded_lines": 0}, "missing_lines": [6, 7, 12, 13, 20, 24, 25, 32, 48, 49, 56, 58, 59, 61], "excluded_lines": []}, "integration-tests/models/test_flash_grammar_llama.py": {"executed_lines": [1, 2, 4, 7, 8, 9, 15, 16, 21, 22, 31, 32, 33, 50, 51, 52, 99, 100, 101, 131, 132, 133], "summary": {"covered_lines": 22, "num_statements": 46, "percent_covered": 47.82608695652174, "percent_covered_display": "48", "missing_lines": 24, "excluded_lines": 0}, "missing_lines": [12, 17, 18, 23, 27, 28, 34, 45, 46, 47, 53, 91, 92, 96, 104, 117, 119, 121, 122, 124, 126, 136, 148, 150], "excluded_lines": []}, "integration-tests/models/test_flash_llama.py": {"executed_lines": [1, 4, 5, 6, 10, 11, 16, 17, 18, 27, 28, 29, 50, 51, 52], "summary": {"covered_lines": 15, "num_statements": 28, "percent_covered": 53.57142857142857, "percent_covered_display": "54", "missing_lines": 13, "excluded_lines": 0}, "missing_lines": [7, 12, 13, 19, 23, 24, 30, 46, 47, 53, 55, 56, 58], "excluded_lines": []}, "integration-tests/models/test_flash_llama_gptq.py": {"executed_lines": [1, 4, 5, 6, 10, 11, 16, 17, 18, 27, 28, 29, 49, 50, 51], "summary": {"covered_lines": 15, "num_statements": 28, "percent_covered": 53.57142857142857, "percent_covered_display": "54", "missing_lines": 13, "excluded_lines": 0}, "missing_lines": [7, 12, 13, 19, 23, 24, 30, 45, 46, 54, 58, 59, 61], "excluded_lines": []}, "integration-tests/models/test_flash_medusa.py": {"executed_lines": [1, 4, 5, 6, 12, 13, 18, 19, 28, 29, 50, 51], "summary": {"covered_lines": 12, "num_statements": 26, "percent_covered": 46.15384615384615, "percent_covered_display": "46", "missing_lines": 14, "excluded_lines": 0}, "missing_lines": [9, 14, 15, 20, 24, 25, 30, 46, 47, 52, 56, 57, 60, 64], "excluded_lines": []}, "integration-tests/models/test_flash_mistral.py": {"executed_lines": [1, 4, 5, 6, 10, 11, 16, 17, 27, 28, 49, 50], "summary": {"covered_lines": 12, "num_statements": 27, "percent_covered": 44.44444444444444, "percent_covered_display": "44", "missing_lines": 15, "excluded_lines": 0}, "missing_lines": [7, 12, 13, 18, 22, 23, 24, 29, 45, 46, 51, 55, 56, 59, 61], "excluded_lines": []}, "integration-tests/models/test_flash_neox.py": {"executed_lines": [1, 4, 5, 10, 11, 16, 17, 18, 29, 30, 31], "summary": {"covered_lines": 11, "num_statements": 23, "percent_covered": 47.82608695652174, "percent_covered_display": "48", "missing_lines": 12, "excluded_lines": 0}, "missing_lines": [6, 7, 12, 13, 19, 25, 26, 32, 39, 41, 42, 46], "excluded_lines": []}, "integration-tests/models/test_flash_neox_sharded.py": {"executed_lines": [1, 4, 5, 6, 10, 11, 16, 17, 28, 29], "summary": {"covered_lines": 10, "num_statements": 20, "percent_covered": 50.0, "percent_covered_display": "50", "missing_lines": 10, "excluded_lines": 0}, "missing_lines": [7, 12, 13, 18, 24, 25, 30, 37, 38, 40], "excluded_lines": []}, "integration-tests/models/test_flash_phi.py": {"executed_lines": [1, 4, 5, 6, 10, 11, 16, 17, 27, 28, 50, 51], "summary": {"covered_lines": 12, "num_statements": 28, "percent_covered": 42.857142857142854, "percent_covered_display": "43", "missing_lines": 16, "excluded_lines": 0}, "missing_lines": [7, 12, 13, 18, 22, 23, 24, 29, 45, 46, 47, 52, 54, 55, 58, 60], "excluded_lines": []}, "integration-tests/models/test_flash_qwen2.py": {"executed_lines": [1, 4, 5, 6, 10, 11, 16, 17, 27, 28, 49, 50], "summary": {"covered_lines": 12, "num_statements": 27, "percent_covered": 44.44444444444444, "percent_covered_display": "44", "missing_lines": 15, "excluded_lines": 0},