{"meta": {"format": 2, "version": "7.4.4", "timestamp": "2024-04-26T16:59:30.880205", "branch_coverage": false, "show_contexts": false}, "files": {"ptflops/__init__.py": {"executed_lines": [1, 10, 11, 13], "summary": {"covered_lines": 3, "num_statements": 3, "percent_covered": 100.0, "percent_covered_display": "100", "missing_lines": 0, "excluded_lines": 0}, "missing_lines": [], "excluded_lines": []}, "ptflops/flops_counter.py": {"executed_lines": [1, 9, 10, 12, 14, 15, 18, 74, 75, 76, 78, 79, 90, 103], "summary": {"covered_lines": 13, "num_statements": 17, "percent_covered": 76.47058823529412, "percent_covered_display": "76", "missing_lines": 4, "excluded_lines": 0}, "missing_lines": [88, 91, 96, 101], "excluded_lines": []}, "ptflops/pytorch_engine.py": {"executed_lines": [1, 9, 10, 11, 12, 14, 15, 16, 18, 20, 23, 33, 34, 35, 36, 38, 39, 41, 42, 45, 46, 48, 49, 50, 51, 53, 54, 55, 56, 58, 60, 61, 62, 64, 65, 66, 67, 77, 87, 89, 92, 93, 94, 96, 97, 98, 99, 102, 157, 158, 159, 162, 165, 166, 167, 168, 171, 173, 176, 185, 186, 188, 190, 191, 192, 194, 195, 198, 207, 209, 211, 212, 216, 217, 219, 223, 224, 225, 227, 231, 233, 236, 245, 246, 247, 250, 258, 259, 263, 264, 265, 267, 268, 270, 271, 273, 276, 278, 281, 282, 285, 286, 289, 290, 291, 292, 295, 296, 297, 303, 304, 307, 308, 309, 310, 313, 314, 315, 316, 317, 320, 321, 322, 323, 324, 326, 327, 328, 332, 333, 334, 335, 336, 338, 339, 340, 341, 344, 346, 347, 348, 349, 350, 352, 354, 356, 358, 360, 362, 364, 366, 368, 370, 372, 374, 377, 380, 382, 385, 386, 389, 391, 392, 393, 394, 395, 396, 397, 399, 400, 401, 402, 403, 404, 405, 406, 407, 408, 409, 410, 412, 414, 415, 418, 419, 422, 423, 425, 427, 430, 431, 433, 434, 436, 437, 439, 441, 443, 444, 447, 449, 450, 452, 455, 456, 457, 458, 459, 460, 461, 463, 464, 465, 467, 468, 469, 470], "summary": {"covered_lines": 216, "num_statements": 268, "percent_covered": 80.59701492537313, "percent_covered_display": "81", "missing_lines": 52, "excluded_lines": 0}, "missing_lines": [69, 70, 72, 73, 75, 78, 106, 107, 108, 109, 111, 112, 113, 115, 116, 117, 118, 120, 121, 122, 123, 124, 128, 136, 137, 138, 139, 140, 141, 142, 143, 145, 146, 147, 148, 149, 150, 152, 153, 154, 213, 214, 215, 218, 220, 229, 283, 298, 301, 302, 325, 329], "excluded_lines": []}, "ptflops/pytorch_ops.py": {"executed_lines": [1, 9, 10, 11, 12, 15, 19, 28, 33, 34, 36, 37, 38, 39, 40, 44, 49, 58, 60, 62, 63, 65, 66, 67, 68, 70, 71, 74, 76, 78, 80, 82, 84, 86, 89, 99, 124, 157, 174, 240, 263, 265, 317, 318, 320, 321, 322, 326, 327, 328, 333, 341, 345, 346, 347, 348, 350, 351, 354, 355, 356, 375, 376, 377, 380, 387, 412, 439, 440, 443], "summary": {"covered_lines": 69, "num_statements": 220, "percent_covered": 31.363636363636363, "percent_covered_display": "31", "missing_lines": 151, "excluded_lines": 0}, "missing_lines": [16, 20, 21, 22, 23, 24, 25, 29, 30, 45, 46, 50, 52, 53, 54, 55, 92, 94, 95, 96, 101, 103, 104, 106, 107, 109, 111, 113, 114, 116, 118, 120, 121, 130, 132, 133, 134, 135, 137, 138, 139, 140, 141, 143, 144, 145, 146, 147, 148, 150, 151, 152, 153, 154, 158, 159, 160, 161, 162, 163, 164, 165, 166, 167, 168, 170, 171, 175, 177, 179, 181, 182, 183, 185, 186, 188, 190, 191, 192, 194, 195, 196, 198, 199, 201, 202, 203, 204, 206, 209, 212, 218, 219, 222, 223, 225, 231, 234, 236, 237, 241, 242, 247, 250, 255, 259, 260, 323, 324, 329, 330, 334, 335, 336, 337, 338, 342, 352, 358, 360, 361, 362, 363, 364, 366, 367, 368, 370, 372, 381, 382, 383, 384, 388, 389, 390, 392, 393, 394, 396, 397, 398, 400, 401, 402, 403, 404, 405, 407, 408, 409], "excluded_lines": []}, "ptflops/utils.py": {"executed_lines": [1, 10, 13, 42], "summary": {"covered_lines": 3, "num_statements": 31, "percent_covered": 9.67741935483871, "percent_covered_display": "10", "missing_lines": 28, "excluded_lines": 0}, "missing_lines": [22, 23, 24, 25, 26, 27, 28, 30, 32, 33, 34, 35, 36, 37, 39, 52, 53, 54, 55, 56, 58, 60, 61, 62, 63, 64, 65, 67], "excluded_lines": []}, "tests/common_test.py": {"executed_lines": [1, 2, 3, 5, 8, 9, 10, 11, 13, 14, 15, 19, 20, 22, 23, 24, 28, 29, 31, 32, 33, 37, 38, 40, 41, 43, 44, 46, 51, 53, 54, 55, 56, 57, 59, 60, 62, 63, 65, 71, 73, 74, 75, 76, 78, 79, 82, 86, 87, 89, 92, 96, 97, 99, 100, 101, 102, 104, 105, 107, 112, 113], "summary": {"covered_lines": 62, "num_statements": 62, "percent_covered": 100.0, "percent_covered_display": "100", "missing_lines": 0, "excluded_lines": 0}, "missing_lines": [], "excluded_lines": []}}, "totals": {"covered_lines": 366, "num_statements": 601, "percent_covered": 60.89850249584027, "percent_covered_display": "61", "missing_lines": 235, "excluded_lines": 0}}