{"meta": {"format": 2, "version": "7.4.4", "timestamp": "2024-04-28T16:48:50.373237", "branch_coverage": false, "show_contexts": false}, "files": {"test_MHSA.py": {"executed_lines": [1, 2, 3, 4, 7, 22, 31], "summary": {"covered_lines": 7, "num_statements": 30, "percent_covered": 23.333333333333332, "percent_covered_display": "23", "missing_lines": 23, "excluded_lines": 0}, "missing_lines": [8, 9, 16, 17, 19, 23, 24, 25, 26, 27, 28, 32, 34, 47, 49, 50, 51, 53, 54, 55, 56, 57, 58], "excluded_lines": []}, "test_add_extra_info.py": {"executed_lines": [1, 2, 3, 4], "summary": {"covered_lines": 4, "num_statements": 23, "percent_covered": 17.391304347826086, "percent_covered_display": "17", "missing_lines": 19, "excluded_lines": 0}, "missing_lines": [7, 8, 9, 10, 11, 12, 13, 16, 18, 28, 30, 31, 32, 34, 35, 36, 37, 38, 39], "excluded_lines": []}, "test_calibration.py": {"executed_lines": [1, 2, 3, 4, 6, 7, 10, 19, 32, 45, 58, 71, 95], "summary": {"covered_lines": 13, "num_statements": 65, "percent_covered": 20.0, "percent_covered_display": "20", "missing_lines": 52, "excluded_lines": 0}, "missing_lines": [11, 12, 13, 14, 15, 16, 20, 21, 22, 24, 25, 26, 27, 28, 29, 33, 34, 35, 37, 38, 39, 40, 41, 42, 46, 47, 48, 50, 51, 52, 53, 54, 55, 59, 60, 61, 63, 64, 65, 66, 67, 68, 72, 85, 86, 87, 88, 89, 90, 91, 92, 96], "excluded_lines": []}, "test_deit_tiny_batch2.py": {"executed_lines": [1, 2, 3, 4, 7, 16], "summary": {"covered_lines": 6, "num_statements": 23, "percent_covered": 26.08695652173913, "percent_covered_display": "26", "missing_lines": 17, "excluded_lines": 0}, "missing_lines": [8, 9, 10, 11, 12, 13, 18, 31, 33, 36, 37, 39, 40, 41, 42, 43, 44], "excluded_lines": []}, "test_qadd.py": {"executed_lines": [1, 2, 3, 4, 5, 6, 9, 10, 15, 22, 31], "summary": {"covered_lines": 11, "num_statements": 45, "percent_covered": 24.444444444444443, "percent_covered_display": "24", "missing_lines": 34, "excluded_lines": 0}, "missing_lines": [11, 12, 13, 16, 17, 18, 19, 23, 24, 25, 26, 27, 28, 33, 47, 49, 50, 51, 53, 54, 55, 56, 57, 58, 59, 60, 61, 62, 63, 64, 65, 66, 67, 68], "excluded_lines": []}}, "totals": {"covered_lines": 41, "num_statements": 186, "percent_covered": 22.043010752688172, "percent_covered_display": "22", "missing_lines": 145, "excluded_lines": 0}}